Date,Close,High,Low,Open,Volume
2022-03-16,35.58138656616211,37.460023607495884,35.31837494378864,36.98096915535493,2.74992E7
2022-03-17,37.11247253417969,37.42244936059153,35.98529319541303,36.39859204741309,3.79863E7
2022-03-18,37.31912612915039,37.84514581510905,36.76492803289222,37.05611807777904,2.82676E7
2022-03-21,38.69052505493164,38.97232345205674,38.06118342330731,38.2020790386544,1.92837E7
2022-03-22,38.699920654296875,39.46076630156078,38.389943847474164,38.699920654296875,1.54671E7
2022-03-23,39.83649444580078,40.26858006333437,39.44198242541327,39.56409124131487,1.99675E7
2022-03-24,40.052547454833984,41.06701333684163,39.742574157475886,39.91165180447716,1.62814E7
2022-03-25,41.02943801879883,41.04822482137275,39.70499889467511,39.892863337198115,1.22529E7
2022-03-28,39.19776153564453,40.05254124826423,38.925358303996894,40.01496764737163,1.39842E7
2022-03-29,40.043155670166016,40.2028381231841,37.7512158355716,38.03301430148926,1.32075E7
2022-03-30,39.64862823486328,40.81338461075769,39.40440703098388,40.231008214418125,1.02017E7
2022-03-31,38.80324935913086,39.83649829805685,38.737497349374614,39.16018781688883,1.16187E7
2022-04-01,39.16018295288086,39.89285374421457,38.681132143699315,38.6999189417556,1.22106E7
2022-04-04,39.028682708740234,39.70499317104377,38.26783702186445,39.376229548217026,1.06182E7
2022-04-05,38.004825592041016,39.78953217260422,37.92968197542784,38.95353928219428,1.04739E7
2022-04-06,38.3054084777832,38.83142814414283,37.873322814281984,38.483881291606274,8726600.0
2022-04-07,38.48388671875,38.944150856409024,37.32852519477675,38.521456741975804,8895800.0
2022-04-08,39.9680061340332,40.12769216098632,38.61538862575426,38.82203986655848,1.05264E7
2022-04-11,38.8220329284668,40.05253779424991,38.76567253198826,40.05253779424991,7999000.0
2022-04-12,39.0098876953125,40.30614794739378,38.79384491716811,39.44197683481622,8112800.0
2022-04-13,39.98678970336914,40.08072012347728,38.991110767430044,39.54530884578605,8596100.0
2022-04-14,40.62553024291992,40.832181485582446,39.582886003255254,39.78953724591777,1.07145E7
2022-04-18,41.02943801879883,41.74331860052682,40.53160029184663,40.90732559367644,1.11279E7
2022-04-19,40.79460144042969,41.809063524799164,40.390694211655884,40.512806616061255,1.00337E7
2022-04-20,40.090110778808594,41.207898417755914,39.24472276063638,40.92610360610365,1.19451E7
2022-04-21,38.18329620361328,40.79460033279021,37.68545499142346,40.71006152945348,1.81815E7
2022-04-22,39.12261962890625,40.85096593021666,37.281552519985894,37.54456415452649,2.0746E7
2022-04-25,36.34223556518555,37.60092264017333,34.70782319784112,37.57274422863102,2.39761E7
2022-04-26,37.140655517578125,38.164512858094184,35.712890922707004,36.44555822911114,1.9941E7
2022-04-27,37.52577209472656,38.00482291868304,36.90582207260999,37.713636497868194,1.06194E7
2022-04-28,37.67607116699219,38.03301325295535,36.20134119106974,37.910900826638645,1.15026E7
2022-04-29,36.6428108215332,38.42751729343722,36.47373679864345,38.061183674614355,1.06119E7
2022-05-02,36.73674774169922,37.12186819001052,35.853786043217866,36.01347205424321,1.14452E7
2022-05-03,37.71364212036133,38.03301057835013,36.54888551380923,36.6240327195553,8876500.0
2022-05-04,40.01496505737305,40.09950386230165,37.99543251352498,38.78446016512013,1.17137E7
2022-05-05,39.526527404785156,40.794606049315675,38.90657370463174,40.6161368098029,1.62815E7
2022-05-06,40.41886901855469,40.95428021212416,38.99110464129767,39.99617861126373,1.2396E7
2022-05-09,35.73167419433594,39.6110567582411,35.72227900336767,39.301083537382226,1.48459E7
2022-05-10,35.590782165527344,36.7743256408785,34.71721555669737,36.135588688546555,1.10634E7
2022-05-11,36.04165267944336,37.50699094477459,35.93832706299349,36.088617891498025,1.15691E7
2022-05-12,36.661598205566406,36.699171803793014,34.82993008221363,35.67531454301901,1.34343E7
2022-05-13,38.26784133911133,38.352380156436645,37.16883671388214,37.281553942577204,9798900.0
2022-05-16,39.5828857421875,39.99618822478662,38.32419865859372,38.38055906527982,1.01816E7
2022-05-17,40.343727111816406,40.794599526293496,39.8364943018239,39.939819901994454,9936900.0
2022-05-18,38.6341667175293,40.87913711569569,38.06118192136827,40.710059517378824,9734900.0
2022-05-19,38.371158599853516,38.9065698485424,37.58213093075163,37.61031292183018,1.21239E7
2022-05-20,38.62477493286133,39.51712820639535,37.976646470971886,38.878391352700405,9870700.0
2022-05-23,41.15154266357422,41.32062027155653,38.94414215190103,39.36683617185679,1.3288E7
2022-05-24,41.236080169677734,41.51787497970703,39.88345934839245,40.36251375033613,1.12598E7
2022-05-25,42.3162956237793,42.560520428349136,40.92610474224851,41.04821714453343,1.7205E7
2022-05-26,43.856781005859375,44.22311824354754,42.6544544305213,42.73899324180075,1.62829E7
2022-05-27,45.284549713134766,45.481805762939956,43.33076885099622,43.45287769141877,1.39507E7
2022-05-31,43.32835388183594,45.902035096360336,42.82870255190207,45.902035096360336,2.87066E7
2022-06-01,44.00713348388672,44.61991634007945,43.36606955922268,44.34652069062299,1.52075E7
2022-06-02,43.64889144897461,44.18625333267451,43.29064899441794,44.035414972272264,8155100.0
2022-06-03,44.751895904541016,44.99700686981174,43.67717223264574,43.75258960800986,8854400.0
2022-06-06,44.51621627807617,45.25155286126523,44.19568430145806,45.05357818060207,6697000.0
2022-06-07,46.12830352783203,46.26971607375936,44.18625635795153,44.30881365800386,1.47358E7
2022-06-08,46.731651306152344,46.97676587633552,45.32696982450489,46.19428945125768,1.51012E7
2022-06-09,45.3835334777832,46.345129354583854,45.345822989374525,45.99631632747885,1.14738E7
2022-06-10,44.50678253173828,45.138420599098914,43.856292817235506,44.46907204491407,1.1294E7
2022-06-13,41.782264709472656,42.95126468074162,41.05635398803251,42.725005345690484,1.24701E7
2022-06-14,40.7452507019043,42.80985136275157,40.07590212928326,42.46103834069501,1.34888E7
2022-06-15,39.14259338378906,41.09406629963103,38.7937803398698,41.09406629963103,1.50918E7
2022-06-16,36.27666473388672,38.33183991921461,36.12582635314113,38.20928261102423,2.15917E7
2022-06-17,34.54201889038086,36.90830007621145,34.38175469658019,36.38978981092599,3.2283E7
2022-06-21,36.59718704223633,37.02142099947255,35.45647186543315,35.72043806270471,1.81729E7
2022-06-22,35.37163162231445,36.12582346576319,34.02351212878154,34.381754603021086,1.7335E7
2022-06-23,32.9770622253418,35.59787966190447,32.40198994551598,35.51303287313886,2.81657E7
2022-06-24,33.052490234375,34.41003554762393,32.67539251589289,33.20332860251377,2.29107E7
2022-06-27,33.834957122802734,33.919803914545376,32.92049765582869,33.73125508886509,2.94285E7
2022-06-28,34.85311508178711,35.56959623103653,34.38174486362399,34.702276755825686,1.38962E7
2022-06-29,34.10835647583008,35.47533111638831,33.89152656124458,35.37162907109305,1.24753E7
2022-06-30,33.712406158447266,34.824840482338814,33.29760154130498,33.3353120327553,1.53324E7
2022-07-01,33.60870361328125,33.97637186952354,32.15688223547377,33.90095089579694,1.08238E7
2022-07-05,31.42154312133789,33.137330572584226,30.827615589361955,32.55282886340869,1.76421E7
2022-07-06,30.85590171813965,31.69494033959635,29.818886620820557,31.006740081589502,1.30309E7
2022-07-07,32.411415100097656,32.929921587104104,31.84576871732497,31.996607033477193,1.00775E7
2022-07-08,32.3548583984375,33.20332641088277,31.940053812503223,32.91107551853604,1.10277E7
2022-07-11,31.459251403808594,32.02489789619616,31.185859375237925,31.694936543235954,8918700.0
2022-07-12,30.85590171813965,31.280135739176817,30.252548264340234,30.327965647930032,1.02814E7
2022-07-13,30.44109344482422,31.515817104266514,30.186553062913703,30.337391408164027,9137200.0
2022-07-14,29.53605842590332,29.639760451506277,28.894994627875448,29.224954147229173,1.48278E7
2022-07-15,30.450525283813477,30.50709102305861,29.545495033514538,30.22426951937401,1.06726E7
2022-07-18,31.232990264892578,31.647794743658313,31.01616040579213,31.298981804781008,1.14931E7
2022-07-19,32.26058578491211,32.3737136545226,31.185862032937177,31.185862032937177,1.08672E7
2022-07-20,32.18516159057617,32.28886362579942,31.355548905059948,31.628944525872193,9984500.0
2022-07-21,31.704368591308594,31.71379441530845,30.412811330850374,31.091585739484174,1.4583E7
2022-07-22,33.06190872192383,34.40060208880944,32.85450466315869,33.38244063262014,1.9748E7
2022-07-25,34.09892272949219,34.183769519763025,33.00534387504013,33.60870082600477,1.312E7
2022-07-26,33.561561584472656,34.98510180525732,33.04305500983224,34.69285094495066,1.72321E7
2022-07-27,34.24977111816406,34.52316318609044,33.505005107257254,33.976375453967336,1.10753E7
2022-07-28,33.66526412963867,34.7871276841599,33.22217851723068,34.542013127596526,1.02928E7
2022-07-29,34.9096794128418,35.06994716720715,33.731253792950895,34.18376879943665,1.23132E7
2022-08-01,34.31575393676758,34.67399271968817,33.35415824290137,34.16491560809853,1.26206E7
2022-08-02,34.58915328979492,35.05109779246947,34.24976967532793,34.41003386024816,9987500.0
2022-08-03,33.505001068115234,34.919111937769586,33.34473329949405,34.79655465544397,1.15585E7
2022-08-04,32.00605010986328,33.3541697091576,31.864637554754385,33.27874872076068,1.17441E7
2022-08-05,32.675384521484375,33.118473692853435,31.51581417581911,31.591231543301582,6863400.0
2022-08-08,32.66596603393555,33.14676219886862,32.52455349328272,32.70367292800871,6053100.0
2022-08-09,32.98649597167969,33.34473481900262,32.6659640161007,33.22218112736218,7616100.0
2022-08-10,32.920494079589844,33.25045538775321,31.88348104540631,32.986489218237985,1.33026E7
2022-08-11,34.7776985168457,35.17365142021435,33.552136513954814,33.56156233715105,1.31409E7
2022-08-12,35.01338577270508,35.09823257168053,34.17434720298668,34.49487915508618,6642800.0
2022-08-15,33.712406158447266,33.9669465813313,33.02420587269578,33.693554508992506,7639400.0
2022-08-16,33.54271697998047,34.51373878340055,33.269321304520474,33.91981111512172,9698300.0
2022-08-17,33.37302017211914,33.768969515630275,32.8545099418972,33.21275239288595,7703300.0
2022-08-18,35.00395584106445,35.09822845274273,33.910377002756164,33.97636855018488,1.07587E7
2022-08-19,34.99453353881836,35.41876757018445,34.513737367450354,34.74942254084592,1.28939E7
2022-08-22,34.80598068237305,35.27735097501366,34.02350786665,34.60800602256877,9126300.0
2022-08-23,37.10627365112305,37.294822505924465,35.40934115045089,35.55075009434924,1.59836E7
2022-08-24,37.62478256225586,37.803902007116406,36.89887176528866,36.89887176528866,1.14984E7
2022-08-25,37.86988830566406,38.55809211074183,37.7284793729411,37.82275199475641,1.27379E7
2022-08-26,37.16282653808594,37.96415807242421,36.955426086082234,37.63419675960161,8944200.0
2022-08-29,38.067867279052734,38.50152710156368,36.823449947161265,37.04970568226695,1.16637E7
2022-08-30,36.465206146240234,37.42680197530321,36.04097216337863,37.360810421999176,1.21493E7
2022-08-31,35.96554946899414,36.917715737508246,35.164217931785224,35.60730709240346,1.2383E7
2022-09-01,34.739990234375,35.66387920206213,34.344040902169134,35.3999093843215,1.05167E7
2022-09-02,35.89013671875,36.418072784187764,35.343349004787875,35.91841778780677,1.13751E7
2022-09-06,35.3834342956543,36.49153260027375,35.17507244847713,36.21687807148586,1.07851E7
2022-09-07,35.09931182861328,35.212962119310774,34.085921338773126,34.512110832108114,1.17599E7
2022-09-08,36.15058517456055,36.472597358608596,35.20349094064014,35.411852828223516,1.46818E7
2022-09-09,37.552284240722656,37.76064249556816,36.61465944884685,36.98402558680848,9628600.0
2022-09-12,38.02582931518555,38.33836848747596,37.49545532196644,37.91217542264608,8935200.0
2022-09-13,36.4347038269043,37.95005263580239,36.20739969913131,37.47650568141217,1.11241E7
2022-09-14,38.1110725402832,38.30996145698057,36.91773181434363,36.91773181434363,9958200.0
2022-09-15,37.53334045410156,37.92164889327114,37.078735716503815,37.27762461178833,9945700.0
2022-09-16,36.34000015258789,37.29656723120278,35.64862188272266,37.220797967880785,1.68903E7
2022-09-19,36.90826416015625,36.96508750303996,35.127725954617006,35.2034916160879,7377600.0
2022-09-20,36.46312713623047,36.699900689063135,36.02746466610901,36.66201605351926,9360500.0
2022-09-21,35.591800689697266,37.34392346135584,35.56338540780308,37.04085361558655,9153000.0
2022-09-22,36.2074089050293,36.69042894452822,35.83804276475215,36.08428565397776,1.2875E7
2022-09-23,33.14830017089844,34.53105696807948,32.56110272233408,34.332168034144814,1.7421E7
2022-09-26,32.06861114501953,33.47977952183069,32.011784190691344,33.10094399827609,1.20064E7
2022-09-27,32.1822624206543,33.432426550916105,32.06861212141537,32.769459848412936,1.27125E7
2022-09-28,33.56501388549805,33.75443342966568,32.29590763631536,32.58950811041907,1.22054E7
2022-09-29,34.06697463989258,34.10485565666784,32.48532567423791,33.29035779640418,1.21917E7
2022-09-30,34.00068283081055,34.67311883792098,33.404012480125,33.593432040503636,1.53298E7
2022-10-03,36.273704528808594,36.491535745597986,35.34555271310175,35.59179921060448,1.39782E7
2022-10-04,37.050323486328125,37.732232455294366,36.548364724659976,37.097677472977985,1.6268E7
2022-10-05,39.370704650878906,39.72112848478116,37.05979615951632,37.05979615951632,2.81044E7
2022-10-06,40.242027282714844,40.57350875101583,39.03921742035877,39.19075232199308,1.6403E7
2022-10-07,40.33673858642578,40.83869731230111,39.47488308449479,40.279911638771516,1.59538E7
2022-10-10,39.90107727050781,40.74399048001977,39.38964556601378,40.090496821751245,1.03806E7
2022-10-11,39.55065155029297,40.05261392477431,38.92556953311332,39.08657742315528,1.04748E7
2022-10-12,39.796897888183594,40.09049838470096,39.02028094939839,39.304408480901685,1.12717E7
2022-10-13,41.852088928222656,41.98468514321713,39.56959218539788,39.59800746647827,1.63644E7
2022-10-14,39.92948532104492,41.76684649202174,39.863189026047834,41.23647613204503,1.15047E7
2022-10-17,40.59245300292969,41.113354026357,39.97684040341191,40.72504559657913,1.03303E7
2022-10-18,41.06600570678711,41.64373375552382,40.308331057983935,41.12282904739878,9734500.0
2022-10-19,43.064369201660156,43.20643114668577,41.5206048314834,41.672139740570394,1.68694E7
2022-10-20,43.272735595703125,43.784167365048646,42.84654606745975,43.566336118003974,1.59157E7
2022-10-21,47.74301528930664,47.86613853869047,44.31453552585906,44.48501275950516,3.53514E7
2022-10-24,49.390960693359375,49.7319115478876,47.03269470238863,47.411533802367664,2.72966E7
2022-10-25,49.694026947021484,49.892915834382826,48.50068639709911,49.14471065292579,1.89325E7
2022-10-26,49.41937255859375,51.03890267235701,49.38148792586916,50.1296931642314,1.82325E7
2022-10-27,48.94582748413086,50.764246574535406,48.77535024279574,50.19599151200338,1.82982E7
2022-10-28,47.78090286254883,48.9742399586382,47.13687852088865,48.339688582139935,1.57728E7
2022-10-31,49.27730941772461,49.646675572775855,47.36417872549839,47.36417872549839,1.66638E7
2022-11-01,48.82270812988281,50.13916856646672,48.77535413970139,49.91186796844477,1.19322E7
2022-11-02,48.43439865112305,49.60879709343275,48.01767848791781,48.55752191340919,1.18923E7
2022-11-03,49.059478759765625,49.37202157945216,47.82825702429012,47.93243796418563,1.57646E7
2022-11-04,50.29069519042969,51.17149299115648,49.46672433625462,50.52746871507931,1.67645E7
2022-11-07,51.91023254394531,52.19436007119635,50.01604421176836,50.19599080268926,1.99281E7
2022-11-08,51.79657745361328,52.20382822471199,51.313561029663205,51.91023135220649,1.52496E7
2022-11-09,50.26228713989258,51.228323623513276,49.99710192932602,51.228323623513276,2.1809E7
2022-11-10,50.29069519042969,51.294616235579916,49.67508619406702,50.944192430704106,1.30887E7
2022-11-11,51.919700622558594,52.336420744781144,51.30408798454857,51.32303030095107,1.4725E7
2022-11-14,51.20938491821289,53.075161714397936,51.01996534893031,51.730286024081636,9089200.0
2022-11-15,51.77762985229492,52.090172622209174,50.74530080868949,51.569271618562496,9513400.0
2022-11-16,50.1865234375,51.72081503569782,49.82662662853292,51.28515256914053,1.34146E7
2022-11-17,50.03498458862305,50.06339625638328,48.69957839785373,49.24889472706755,9868200.0
2022-11-18,50.612709045410156,50.773716926329975,48.1881503829908,49.10682923303927,1.21402E7
2022-11-21,49.50461196899414,49.902389780343626,46.27502104146255,48.52910614440875,1.88144E7
2022-11-22,50.802127838134766,50.92525108490271,49.0878897992705,50.21493049742795,8969800.0
2022-11-23,48.699581146240234,50.09181075110123,48.358630275243485,49.675090611297925,1.04632E7
2022-11-25,48.14080047607422,48.7942941809843,47.856669322491165,48.43439736922275,4951900.0
2022-11-28,47.24106216430664,48.140802423671815,46.48338748748043,46.89063469081127,1.53975E7
2022-11-29,48.349159240722656,48.671171420252875,47.28841472521982,47.922966118862405,1.08093E7
2022-11-30,48.82270812988281,49.15419328690847,47.809317565913425,48.85112341429396,1.92303E7
2022-12-01,49.02159118652344,49.94974662475561,48.737463666578506,49.55196520653076,8152900.0
2022-12-02,49.99710464477539,50.082343268926635,48.57646331750645,48.77535223623345,9378600.0
2022-12-05,48.66170120239258,51.31356425043213,48.25445040573219,50.69795157281685,1.2047E7
2022-12-06,48.35284423828125,49.51224563972257,47.97271037291429,48.40986178042865,1.2311E7
2022-12-07,47.32648468017578,49.22714674464248,47.088901922117444,48.44787558822915,9700900.0
2022-12-08,47.440521240234375,49.05608464690162,47.041383964882776,48.381350514631045,9367800.0
2022-12-09,44.637046813964844,48.02022274648978,44.504001058221725,47.44052027484479,1.60799E7
2022-12-12,46.66124725341797,46.76578423584469,44.66555374877537,44.722574909705806,1.14169E7
2022-12-13,48.51439666748047,48.82800763657054,47.469034020963676,47.75413259499325,1.16597E7
2022-12-14,47.925193786621094,48.99906885782456,47.459529990186795,48.78049315753096,1.02122E7
2022-12-15,47.62108612060547,47.944198799715316,46.8988325436658,47.63058783533296,1.10481E7
2022-12-16,46.92734146118164,47.00336604904351,45.85346651529421,46.51869887890301,2.29452E7
2022-12-19,47.35499954223633,48.02973374020373,46.9653603185146,47.47853997269771,7447000.0
2022-12-20,49.18912887573242,49.50273983252072,47.34548811911685,47.469032158932684,1.14961E7
2022-12-21,50.662147521972656,50.9282390450882,49.341184370959525,50.22499250156484,9019500.0
2022-12-22,48.83750534057617,50.87121292691713,47.64008997790174,50.67164430400885,7574500.0
2022-12-23,50.3580436706543,50.36754538600538,48.82801010813772,49.607281275035255,8082300.0
2022-12-27,50.84270477294922,51.19432620211041,50.16797068246497,50.69065196910453,6200900.0
2022-12-28,49.98740768432617,50.97575276540284,49.40770883651145,50.719162967898804,7192700.0
2022-12-29,50.28200912475586,50.51959185613823,49.474229288145715,49.80684366199112,5200000.0
2022-12-30,50.804691314697266,50.89022124452907,49.79734283581692,49.91138153385104,4629800.0
2023-01-03,48.94204330444336,50.9282351097686,47.858666615215924,50.23449396009182,8487800.0
2023-01-04,49.13211441040039,49.44572176157282,47.69711254149507,47.95370235166805,9069800.0
2023-01-05,50.05392837524414,50.56710794782876,49.09409573042459,49.09409573042459,6622100.0
2023-01-06,51.79303741455078,51.98310433194274,50.652639535423944,50.79519062977415,1.01718E7
2023-01-09,52.87641525268555,53.48462650106331,52.36323565240743,52.534295519166804,1.21043E7
2023-01-10,53.18052291870117,53.38009156250773,52.220690185232634,52.838403172046995,7080300.0
2023-01-11,53.522640228271484,53.9312828375875,52.9619448079466,53.17101878254316,8856900.0
2023-01-12,55.11920166015625,55.698904188687045,53.38959941532109,53.43711524343134,1.28571E7
2023-01-13,55.38528823852539,55.6133692683475,54.48247670959303,55.109695010072606,7345000.0
2023-01-17,55.556358337402344,56.003015139409285,55.08119276087603,55.26175800010044,8467200.0
2023-01-18,54.29241180419922,56.497179465009076,54.197376527735365,56.012508618106196,1.13327E7
2023-01-19,54.529998779296875,55.06218186779624,53.41810952254925,53.49413774960653,1.52837E7
2023-01-20,54.50148391723633,56.060029874411846,53.42761244779817,54.634533308570695,1.92048E7
2023-01-23,53.08549118041992,54.83410039640469,52.486781624751046,54.644033467992735,1.50906E7
2023-01-24,52.71486282348633,53.6366814474537,51.38439794579973,51.38439794579973,8784400.0
2023-01-25,53.456111907958984,53.69369462754992,51.57445720382578,52.41074939184874,9053000.0
2023-01-26,54.61552047729492,54.69154506765003,52.55330044499905,53.80773700026964,8581500.0
2023-01-27,54.14035415649414,55.214225495532865,53.788729102788736,54.47296853137785,7669500.0
2023-01-30,53.541648864746094,54.007312651408334,53.33257488397222,53.81724572572528,6181100.0
2023-01-31,54.14986038208008,54.58701177555483,53.19952937440884,53.484627951665196,5951900.0
2023-02-01,52.93343734741211,54.58701125486091,52.26820492334273,54.08333698567163,1.0454E7
2023-02-02,49.69280242919922,52.5152826687828,49.388696838572194,52.5152826687828,1.70076E7
2023-02-03,50.02542495727539,51.95459579265816,49.93989501936445,50.19648483309729,1.0737E7
2023-02-06,50.45307540893555,50.72867228250323,49.59777601690659,50.177478535367854,6482100.0
2023-02-07,51.45563888549805,51.68479902353793,50.35758975549419,51.025965903158784,9109700.0
2023-02-08,52.23859786987305,52.63962720811481,51.32196458585886,51.56067139788611,7939900.0
2023-02-09,51.407901763916016,52.26724778729327,51.312420491263914,51.999893667588644,7116500.0
2023-02-10,53.81406784057617,53.871355148125275,52.01899147570248,52.295892270113605,9410700.0
2023-02-13,54.72115707397461,54.768897713290734,52.74466473879303,53.3748506479469,8964200.0
2023-02-14,54.25328826904297,55.18901860966317,53.57536174303913,53.861809211820464,7437300.0
2023-02-15,53.46078109741211,53.756775223575644,52.53459746873442,53.613553316767266,7077200.0
2023-02-16,53.26026153564453,54.03367290046734,52.91652315127884,53.47032469106286,5089700.0
2023-02-17,50.93048858642578,52.572792716329474,50.72997572657766,52.515501766782684,9162900.0
2023-02-21,50.98777770996094,52.12402085078541,50.86364914491015,50.89229279746919,7422100.0
2023-02-22,50.04249572753906,51.50338024574202,49.68921066701732,50.758616160756496,9181100.0
2023-02-23,50.9113883972168,51.57976819699796,50.48171540861627,51.159645520575715,6324500.0
2023-02-24,51.48427963256836,51.684796107933174,49.84197936503795,50.41487421425469,8458700.0
2023-02-27,51.942604064941406,52.06672898542706,50.97822649884874,51.589315358515385,6287000.0
2023-02-28,50.80635452270508,52.79239685036372,50.79680785333488,52.50594941836053,1.06342E7
2023-03-01,52.41047286987305,52.668276692496974,50.720428016478856,50.84455659234459,7166500.0
2023-03-02,52.801944732666016,52.97381392429134,51.608410703255046,52.152661929276306,5668300.0
2023-03-03,53.46078109741211,53.604003004220495,51.742089076695365,52.02854017506617,6726500.0
2023-03-06,52.84968566894531,53.21252103583594,52.45820665074486,52.96426755893824,6116600.0
2023-03-07,51.59886932373047,52.58234029923282,51.56067535670313,52.53459966163723,6908500.0
2023-03-08,51.12145233154297,51.80892548134802,49.956561909762804,51.28377121726542,7555000.0
2023-03-09,49.83243179321289,51.98079305945267,49.746497196868226,51.46518912376151,8844300.0
2023-03-10,48.69618606567383,50.55809979077786,48.37154467954094,49.43140342963292,8608400.0
2023-03-13,46.633766174316406,48.20923269980177,46.13725553381421,47.13982348531529,1.09147E7
2023-03-14,47.13026809692383,48.591152451959786,46.26137554736219,47.025236529002676,1.03459E7
2023-03-15,43.272769927978516,44.83868600803504,42.699875044867,44.657270144937655,1.81033E7
2023-03-16,44.09392166137695,44.42810973408182,42.08878594039411,42.33703941692104,1.67695E7
2023-03-17,42.66168212890625,43.92205381660117,42.365684368016936,43.87431318223243,2.07238E7
2023-03-20,44.132118225097656,44.44720933473203,42.68078031656074,42.86219618923647,1.04961E7
2023-03-21,46.099063873291016,46.46189929072841,45.37339668079356,45.822166706508824,1.04865E7
2023-03-22,45.258819580078125,46.700607331143495,45.15378798477571,46.356868889200115,1.1557E7
2023-03-23,43.4255485534668,45.67894173997855,43.00542581995917,45.29700933324262,1.22134E7
2023-03-24,42.55664825439453,42.96722424411735,41.840527850325905,42.21290987766132,1.97536E7
2023-03-27,44.65727615356445,44.810048385774785,43.16774415773073,43.55922323041829,1.05798E7
2023-03-28,45.487972259521484,45.70758210274121,44.40901638424445,44.65727352345083,6816200.0
2023-03-29,46.500083923339844,46.59556518342178,45.860347825185755,46.070410968217935,9569700.0
2023-03-30,46.53828048706055,47.292591225597874,46.299573681129,47.158915997056496,7353600.0
2023-03-31,46.88201141357422,47.244846748934535,46.423694820560584,46.64330462706442,8154000.0
2023-04-03,49.96611404418945,51.37925800224763,49.62237563556342,49.90882309529276,2.00034E7
2023-04-04,48.18058395385742,50.15707614352191,47.703170311090595,49.99475725332216,9378100.0
2023-04-05,48.40974044799805,48.84896009199292,47.655426075239404,48.295162202255206,9102100.0
2023-04-06,47.37852478027344,48.54341513318122,47.26394653580969,48.3906429264373,6734100.0
2023-04-10,47.77955627441406,48.65799559258443,47.48355851683393,47.559946444871464,5278400.0
2023-04-11,48.82986831665039,49.07812545833412,47.693625122815774,48.05646052245814,8081100.0
2023-04-12,49.63191604614258,49.86107617044998,48.4670257288018,49.001730257267994,8400500.0
2023-04-13,49.54598617553711,49.937465208313995,49.421857611278014,49.59372681029001,6544300.0
2023-04-14,50.10932922363281,50.749065318748684,49.545981050120986,50.032944944405344,8037000.0
2023-04-17,49.70830535888672,50.36713481583828,49.07811955238362,49.93746184722782,7374800.0
2023-04-18,49.8133430480957,50.32895071141859,49.1831571181602,49.38367363770406,5551200.0
2023-04-19,50.25255584716797,50.37668075890624,49.32637231066912,49.574625776522325,7791400.0
2023-04-20,49.62237548828125,49.861082311076714,49.087670893963676,49.603278505372366,8134100.0
2023-04-21,47.55039596557617,49.4123098176138,46.87246949732139,49.4027631478311,1.5776E7
2023-04-24,47.95143127441406,48.6770984667248,47.13027916049841,47.273501079339795,1.02523E7
2023-04-25,46.74834442138672,47.3976272863263,45.812614090709594,47.16847077068712,9312100.0
2023-04-26,45.62164306640625,46.94885230954547,45.297001668327994,46.643307892810256,9098500.0
2023-04-27,45.79351043701172,46.10860515308998,44.85778024263406,45.24925923867345,9231400.0
2023-04-28,47.1207275390625,47.388081669757106,45.249266836086406,45.764874471307536,8621200.0
2023-05-01,46.92975997924805,47.340335981006206,46.270926857071224,46.63376222563405,5053300.0
2023-05-02,44.09392166137695,46.356861170893616,43.84566454247321,46.17544530890766,1.19638E7
2023-05-03,43.22503662109375,43.988897808836654,43.04362072724777,43.41600282862384,9217900.0
2023-05-04,43.03406524658203,43.91250823879724,42.585295259125516,43.38735032054939,1.00854E7
2023-05-05,43.683345794677734,44.571335410418705,43.5210269138362,44.43766018093113,9900400.0
2023-05-08,44.50449752807617,44.71456068308032,43.9602463013625,44.56178483043963,8861800.0
2023-05-09,45.039207458496094,45.55481513723935,44.19896195503766,44.27534625427137,9834600.0
2023-05-10,43.78837203979492,45.15377510448488,43.4541803644006,45.00100291190862,1.01241E7
2023-05-11,42.146080017089844,43.26322994696316,41.91692348536743,43.1200043828536,1.51343E7
2023-05-12,42.0792350769043,43.158190849802985,41.802334310362525,42.52800503354946,1.01989E7
2023-05-15,42.58529281616211,42.852646916217616,41.92646334157812,42.37523330329034,6813200.0
2023-05-16,41.29628372192383,42.40388332460866,41.00983623961139,42.32749902910144,1.18904E7
2023-05-17,42.48981475830078,42.49936142863426,41.09576777747984,41.859628887355896,1.25794E7
2023-05-18,42.823997497558594,42.957676362141164,41.71639811622511,42.03149283346194,8372600.0
2023-05-19,43.22503662109375,43.69290000504615,42.986329772275504,43.330068217354174,8359100.0
2023-05-22,43.92205810546875,44.09392731988033,43.14864664061663,43.22503457696724,1.11267E7
2023-05-23,43.979347229003906,44.39946993433106,43.73109008856463,44.227600727066054,7538700.0
2023-05-24,44.141666412353516,44.494951499654086,43.444642908273075,43.88386259976861,6895600.0
2023-05-25,43.1199951171875,43.63560266633478,42.56619724921112,43.25367033903088,1.58893E7
2023-05-26,42.4707145690918,43.82657112384652,42.0410415889802,43.63560495019949,1.22904E7
2023-05-30,42.30839538574219,42.34658570629637,41.29627722233228,41.61137195294757,8381900.0
2023-05-31,40.89524841308594,41.5349808525897,40.799763513056384,40.8379574730682,1.55474E7
2023-06-01,42.9481315612793,43.5592204511302,40.962092669263846,41.11486489172657,1.22229E7
2023-06-02,44.65727615356445,45.2970087377023,43.56877354376868,43.98889627175276,1.12827E7
2023-06-05,44.132118225097656,45.45932756686853,44.00798965833162,45.45932756686853,7202400.0
2023-06-06,45.072940826416016,45.092141666344325,43.517709414080514,43.65211163139293,1.23663E7
2023-06-07,46.20576095581055,46.39776567715434,45.24574101127702,45.42814348235162,9213700.0
2023-06-08,45.55294418334961,46.53216490352692,45.09213507894591,46.32095935735577,8289600.0
2023-06-09,45.62974548339844,46.26335848213502,45.2745391395181,45.65854857119466,6946100.0
2023-06-12,45.140140533447266,45.629749118766405,44.59292943013178,44.62172885803714,5885600.0
2023-06-13,46.04255676269531,47.1273803513898,45.850552036756866,45.97535565794469,8821300.0
2023-06-14,45.38014602661133,46.9065779793938,44.95773854325615,46.58976962023816,7072100.0
2023-06-15,45.984954833984375,46.40736227305923,45.82174954608333,45.86015122114067,6370500.0
2023-06-16,45.86975860595703,46.4649736969434,45.821758334022256,46.18656699266133,1.47407E7
2023-06-20,45.37054443359375,45.46654863269308,44.612131402730604,45.05373973203031,7806600.0
2023-06-21,45.85055160522461,46.47456604310511,44.94813416264843,45.264942506792984,6725600.0
2023-06-22,44.96733474731445,45.72575138914788,44.928933070267966,45.60094776983954,8533100.0
2023-06-23,44.72732925415039,44.74653009245689,43.92091235620479,44.295319547717845,9302000.0
2023-06-26,45.46654510498047,45.831353708881245,44.65052595578626,44.80412900024151,6202500.0
2023-06-27,46.21535873413086,46.54176565604053,45.370540172331935,45.984956002303676,1.3198E7
2023-06-28,46.64736557006836,46.92577221093638,45.437742146778426,46.138556211519,9204400.0
2023-06-29,46.532169342041016,46.954576812489826,45.75455184420683,46.916175134580236,1.05062E7
2023-06-30,47.156185150146484,47.72259714198367,46.7241753831205,47.040983766334875,1.34133E7
2023-07-03,47.4921875,47.904996366273465,46.9833744426249,47.32898220621993,3543100.0
2023-07-05,47.328983306884766,47.78979244833274,47.156179421068586,47.722591344091505,8724200.0
2023-07-06,47.156185150146484,47.56899407617287,46.378571231685676,46.95458181292968,9411600.0
2023-07-07,51.217063903808594,51.4762697350149,46.85857602589211,46.98337598514342,2.31768E7
2023-07-10,51.47626876831055,51.58187154891352,50.54505190574493,50.72745437812293,1.48171E7
2023-07-11,53.809120178222656,53.99152632171863,51.697075449292186,51.783477395636154,1.80966E7
2023-07-12,54.41393280029297,54.80754084590153,53.74191808135051,54.26992833831044,1.43046E7
2023-07-13,55.12434387207031,55.31634859485892,54.106725067006,54.72113725018117,1.57751E7
2023-07-14,54.84593963623047,54.884337650176505,54.173924952671854,54.55793438961546,1.4419E7
2023-07-17,54.250728607177734,54.74034085816903,53.80912028595138,54.35633139316353,1.35987E7
2023-07-18,54.701934814453125,55.26834671593896,53.94351819578498,54.09712123709375,1.1387E7
2023-07-19,55.06674575805664,55.14354545089186,53.88592164100406,54.05872552761522,1.30749E7
2023-07-20,54.970741271972656,55.5947557105487,54.42353018800896,55.34515213242959,9963500.0
2023-07-21,53.77071762084961,54.34673180779366,52.513093787283694,53.588315142519406,1.66379E7
2023-07-24,54.74033737182617,54.80753847459433,53.68431324141073,53.972322152914764,1.05961E7
2023-07-25,55.565956115722656,55.796358854492325,54.50033337790282,54.79794088284793,1.06861E7
2023-07-26,55.364349365234375,55.89236327326779,54.730736337779796,54.76913801512505,8113500.0
2023-07-27,54.74033737182617,55.81555867830214,54.54833265155196,55.6523570464896,7791900.0
2023-07-28,54.865142822265625,55.1435458306694,54.37553058610016,54.83633973284171,7019900.0
2023-07-31,56.007568359375,56.35317615404326,55.08595001505015,55.26835250126473,8278400.0
2023-08-01,55.3067512512207,55.89236402092001,54.70193764259193,55.70035929381089,6930400.0
2023-08-02,55.17234802246094,55.364349083840295,54.18352497786684,54.93234303355124,6726900.0
2023-08-03,55.661956787109375,56.04596623560946,55.01874517238507,55.40275095869964,7387300.0
2023-08-04,55.364349365234375,56.25716822149113,55.268348834056766,55.911564111940415,7624800.0
2023-08-07,55.6523551940918,56.07476263488681,55.37394854207027,55.58515409356044,5956400.0
2023-08-08,56.1707649230957,56.26676911414215,53.83791984454128,54.52913170914853,7751000.0
2023-08-09,57.13078689575195,57.71639966434892,56.343570812053414,56.64117832162162,1.19759E7
2023-08-10,56.56437301635742,57.553196043259824,56.00756335638564,57.015583559334104,8857100.0
2023-08-11,57.265193939208984,57.53399836484208,56.38197364297994,56.48757642796027,7090900.0
2023-08-14,57.14038848876953,57.4091929058118,56.71798102453375,57.07318738450896,5736400.0
2023-08-15,55.997962951660156,56.50677233063897,55.556351011033414,56.48757149303038,6040000.0
2023-08-16,55.46035385131836,56.45877549445148,55.22034885992206,55.9883640999531,6234300.0
2023-08-17,55.57555389404297,56.67957829296433,55.43155309995678,56.4107702187363,5925600.0
2023-08-18,55.709957122802734,55.8347607430503,54.68273605828436,54.893941621444014,7095100.0
2023-08-21,55.1435432434082,56.47797401708291,54.7595374702334,56.15156709568236,6269300.0
2023-08-22,54.15472412109375,55.16274431545972,54.00112107873499,55.06674378730502,8609900.0
2023-08-23,55.57555389404297,55.825161129955745,53.30030765537504,53.45391069971158,1.07176E7
2023-08-24,54.51953887939453,55.690760836380115,54.442735518445545,55.11475027800595,6685900.0
2023-08-25,54.202728271484375,54.951546361085526,53.90512441555549,54.90354243138091,8619100.0
2023-08-28,55.5179557800293,55.623554898890134,54.35632885070506,54.35632885070506,4813200.0
2023-08-29,55.892364501953125,56.09396781916928,54.89394284214133,55.63315866745282,4911000.0
2023-08-30,56.641178131103516,56.65077671942512,56.02676593732598,56.39157455070097,5843100.0
2023-08-31,56.60277557373047,57.00598585849629,55.92116228573869,56.75637861978757,1.01025E7
2023-09-01,57.716400146484375,58.07161017569981,57.11159019612735,57.45719431253754,6898600.0
2023-09-05,58.04417037963867,58.95035976173304,57.80316319120555,58.0345317101916,8428600.0
2023-09-06,58.80575180053711,59.152802727428515,57.93812448330859,58.15021197807061,9299800.0
2023-09-07,58.641868591308594,59.172083649900934,58.50690148191404,58.77683202322544,7867600.0
2023-09-08,58.00560760498047,58.95999767705887,57.66819901648083,58.43942127410702,8323600.0
2023-09-11,58.58402633666992,59.191365465986614,58.20805572053789,58.81539117237683,8392300.0
2023-09-12,59.86618423461914,59.885465251022964,58.66114829046435,59.094961965855646,1.14764E7
2023-09-13,58.439422607421875,59.79870301671229,58.29482049939909,59.70230161136376,7914300.0
2023-09-14,59.38417434692383,59.44201740050873,58.6515140555724,59.162448157732236,6862500.0
2023-09-15,58.40086364746094,59.21064426995622,57.9092069238284,58.86359700780589,1.97771E7
2023-09-18,59.00819778442383,59.55769386729145,58.632227167459426,58.80575263336265,6232100.0
2023-09-19,58.25625991821289,59.48057691953836,57.67784411674986,59.48057691953836,9067700.0
2023-09-20,57.6392822265625,58.84431821385068,57.60072019237457,57.967052162204006,5351100.0
2023-09-21,56.70417022705078,57.93812583820754,56.52100609023151,57.93812583820754,6841600.0
2023-09-22,56.916259765625,57.35971211958507,56.7234532751056,57.0512232057452,5979000.0
2023-09-25,57.687477111816406,57.72603914211472,56.627047020956034,56.81021114865661,6279300.0
2023-09-26,57.00301742553711,57.62963386706845,56.84877298235489,57.02229844061959,5796100.0
2023-09-27,58.612945556640625,58.87323375285369,57.43683301659512,57.84172331460807,7663100.0
2023-09-28,58.74790954589844,59.20100422628177,58.14057409312503,58.37193892918792,7574000.0
2023-09-29,56.20287322998047,58.65150704348951,56.106471829675705,58.56474431222414,1.12781E7
2023-10-02,55.8558235168457,56.37639991573306,54.814674396548774,56.222155465412115,7553600.0
2023-10-03,56.50172805786133,56.530647744813194,55.14244760895387,55.43165551090648,8407900.0
2023-10-04,53.82172775268555,55.78834363977426,53.330071022804944,55.66302254802092,1.09233E7
2023-10-05,53.407196044921875,54.4290642012343,53.13726548501844,53.532517138917726,7491800.0
2023-10-06,53.6963996887207,54.19769505740899,52.83841472831335,53.58071727363192,8642600.0
2023-10-09,56.14503860473633,56.41496549037917,54.920721594533745,55.20992949736221,6667700.0
2023-10-10,56.5113639831543,56.858414919633745,55.8654664894114,56.22215609524736,6608900.0
2023-10-11,56.64632797241211,56.771652740137995,55.68229921831915,55.932948753770916,5641100.0
2023-10-12,56.27035903930664,57.475395018169934,55.701581910184046,57.34043157693372,5023100.0
2023-10-13,56.83913040161133,57.66819565934996,56.73308665783394,57.263305376720915,6819500.0
2023-10-16,57.31150817871094,57.59107739029688,56.66560702358056,57.27294614728989,5949900.0
2023-10-17,58.073097229003906,58.21769934425738,57.012663329754695,57.13798810495683,6525000.0
2023-10-18,58.41050338745117,58.99856152621263,58.17913486429926,58.18877721139779,6964100.0
2023-10-19,57.81280517578125,58.66114782596469,57.27294775318265,57.870644547056855,7488400.0
2023-10-20,56.116111755371094,58.03453055520933,54.69899201627227,57.089782836650855,1.31007E7
2023-10-23,56.72344970703125,56.906613838890244,54.84359297830206,56.289636050020256,9655500.0
2023-10-24,54.949642181396484,56.92590050681075,54.92072249388347,56.81985674929226,8407100.0
2023-10-25,54.583309173583984,55.20992935937791,53.715685467267,54.83395871889275,8571800.0
2023-10-26,53.860286712646484,54.59295064216441,53.26258990091824,53.99525015295823,8157500.0
2023-10-27,53.82172775268555,54.15913634967976,53.04086312859877,53.985610877660484,6944500.0
2023-10-30,54.3712272644043,54.49654836401621,53.358994054991236,54.29410319312485,6698000.0
2023-10-31,53.65784454345703,54.467628907948665,53.4457570240136,54.09165825255579,8045900.0
2023-11-01,53.85064697265625,54.66043127590965,53.61927845280763,53.98561041028551,6197300.0
2023-11-02,55.29669189453125,55.364173615525296,53.70604292257907,53.86992972890602,5811800.0
2023-11-03,54.82431411743164,55.672660449208614,54.55438724356172,55.34489052630464,5895900.0
2023-11-06,54.44834518432617,55.4027352969166,54.17841830206858,55.34489224608514,5165500.0
2023-11-07,51.41165542602539,53.503596065561574,51.093524170716464,53.35899028087972,1.7838E7
2023-11-08,51.02604293823242,51.710502480297926,50.5536672242499,50.98748090495265,1.37671E7
2023-11-09,50.84287643432617,51.60445633009206,50.68863198585081,51.21884704764252,9278600.0
2023-11-10,51.38273620605469,51.56590403841922,50.77539700988469,51.35381651777741,9267900.0
2023-11-13,52.057552337646484,52.40460327496058,51.122443276269934,51.382731479255504,6853600.0
2023-11-14,52.394954681396484,52.74200557733398,51.92258271107509,52.23107157913566,6989700.0
2023-11-15,51.74906921386719,52.74201775740312,51.517700670651564,52.36604709247119,8328000.0
2023-11-16,50.235538482666016,51.67193925310883,49.47395489163778,51.27668761481837,1.10533E7
2023-11-17,50.94892120361328,51.440577956738906,50.35122437033165,50.87180081100181,1.40773E7
2023-11-20,50.84287643432617,51.51769359798231,50.70790932411722,51.51769359798231,8086900.0
2023-11-21,50.82360076904297,50.93928319820854,50.11986016894538,50.35122502727653,6888800.0
2023-11-22,50.63079071044922,50.83323586663065,48.95337905678539,49.71496265668072,7941900.0
2023-11-24,50.707908630371094,51.18028431594544,50.59222621496668,50.84287573873354,3077600.0
2023-11-27,50.65970993041992,50.746472664767985,49.88848766814703,50.59222821231341,6371200.0
2023-11-28,50.428340911865234,50.96819461198379,50.283735140774894,50.80431150372709,5620900.0
2023-11-29,50.004173278808594,50.862158330176264,49.62820263180281,50.8043189552388,8002000.0
2023-11-30,50.168060302734375,51.479140076591854,49.69568456635293,50.688636744262155,1.15203E7
2023-12-01,50.505462646484375,51.18028346719495,49.869203856095,50.11021102938609,6377200.0
2023-12-04,50.15841293334961,50.60186893773998,49.56071615892481,50.11021223302914,7772600.0
2023-12-05,49.025054931640625,50.119667928460686,48.91849919364492,50.042171502560905,6902700.0
2023-12-06,47.591400146484375,49.18003978613222,47.43641100347562,48.6956982523258,1.35753E7
2023-12-07,46.942386627197266,47.86263639922678,46.58397488059553,47.84326229194653,1.29551E7
2023-12-08,47.27173614501953,47.572029246493145,46.61303131904916,46.91332442052277,1.32092E7
2023-12-11,47.610782623291016,48.07575013407858,47.30080428276597,47.46547865950533,8820900.0
2023-12-12,47.50422286987305,47.717330651491935,46.69052887080487,46.97144787297634,8871400.0
2023-12-13,47.6495246887207,48.056373549212886,46.92301229770111,47.77545453782937,1.05024E7
2023-12-14,50.77837371826172,51.09804096149586,48.327606301066524,48.42447684230414,1.95676E7
2023-12-15,50.55557632446289,50.855869455340304,49.99374197390614,50.44902427340954,2.17202E7
2023-12-18,50.64276123046875,52.153908493503224,50.60401670723722,51.408021916602245,9356700.0
2023-12-19,51.320838928222656,51.40802056986832,50.63307469703655,50.7880638716029,7351000.0
2023-12-20,50.904300689697266,52.28951794141685,50.86555247539794,51.0980380659608,6480200.0
2023-12-21,50.9333610534668,51.36926550838526,50.57494563265739,50.85586462889193,7470900.0
2023-12-22,51.41770553588867,51.75674317453924,51.07866420200498,51.330523900916646,5115200.0
2023-12-26,51.99891662597656,52.66730673138458,51.89236087832457,52.173279904819225,5632300.0
2023-12-27,51.369266510009766,52.289516245998854,51.22396625394811,51.8051746686607,7132900.0
2023-12-28,50.6040153503418,51.45645396231407,50.53620412222954,51.1077273959466,6995300.0
2023-12-29,50.410274505615234,50.75900104809684,50.14872959875403,50.61369709031845,8641800.0
2024-01-02,50.352149963378906,51.19490327372948,50.2068497072401,50.79774332791066,1.21052E7
2024-01-03,51.00117111206055,51.34020874834316,50.042173134066296,50.24559571583586,6572400.0
2024-01-04,50.07122802734375,51.679241822921206,50.02279461146902,51.349889421647134,8268800.0
2024-01-05,50.23591232299805,50.98179884497319,50.08092315578459,50.30371985270186,9827700.0
2024-01-08,48.744140625,49.18973403113853,47.852953812722944,49.005685544750875,1.66936E7
2024-01-09,47.03925323486328,48.55039652418001,46.98113091787694,48.55039652418001,1.84208E7
2024-01-10,46.932701110839844,47.38797969559925,46.38055199031975,46.99081973706316,1.77049E7
2024-01-11,47.27173614501953,47.320169562616464,46.816457585328905,47.24267683350796,8783200.0
2024-01-12,48.38572692871094,48.39541213487834,47.75608136606748,48.15324133312827,1.27256E7
2024-01-16,46.78739547729492,48.56977262382201,46.719587952310164,48.298542523882986,1.4966E7
2024-01-17,46.39023971557617,47.078003928278285,45.69278660115527,45.93495741085883,1.29927E7
2024-01-18,47.03925323486328,47.28142401279048,46.21587037277111,46.399922528944785,1.36958E7
2024-01-19,48.08543395996094,48.77319815230221,47.4654772967106,47.98856711704052,2.03253E7
2024-01-22,49.09286117553711,49.75156599756348,47.82388494879129,48.00793710788367,1.84913E7
2024-01-23,48.84100341796875,49.906557116878666,48.695703160321735,48.8797516314345,1.14329E7
2024-01-24,50.051856994628906,50.13903862664861,48.986306999039606,49.209103681927076,1.0498E7
2024-01-25,50.82680892944336,50.84618303696396,49.72251066740176,50.45870827701844,1.18453E7
2024-01-26,51.26271438598633,51.57269641695207,50.6718207239691,50.76868756817304,9172000.0
2024-01-29,51.5339469909668,51.56300630449891,50.75900116983418,51.12709812535145,1.00726E7
2024-01-30,47.80451583862305,48.017627331324185,46.25462415143274,47.34923723407961,4.73583E7
2024-01-31,47.17487335205078,48.13386766643423,46.738965165861394,47.90138576395537,2.62863E7
2024-02-01,47.465476989746094,48.01762612033469,46.84552033050509,47.51391041089308,1.85397E7
2024-02-02,47.465476989746094,47.639840262061774,46.97145018167378,47.368610147452124,1.90203E7
2024-02-05,47.029563903808594,47.542968461071794,46.729274506877346,47.165178946968865,1.83058E7
2024-02-06,46.77140426635742,47.355927294729966,46.58630735132852,47.21953970299465,1.28079E7
2024-02-07,46.22585678100586,47.112379898831904,45.884884064129146,46.975992298594576,1.1848E7
2024-02-08,46.55708312988281,46.693470723461566,45.89462591854327,46.07972283607398,1.21578E7
2024-02-09,45.86540222167969,46.615534005240676,45.699786056535295,46.3427588112185,8258300.0
2024-02-12,46.89805221557617,47.3656684158392,46.245339097380864,46.32327327261643,1.34608E7
2024-02-13,46.352500915527344,47.05392334378966,45.78746236213614,46.820117106463265,1.15788E7
2024-02-14,46.51811218261719,46.78114698017967,46.021271153632306,46.78114698017967,9389200.0
2024-02-15,47.32670593261719,47.60922151505842,46.50837660560042,46.615535638232096,9901900.0
2024-02-16,47.31695556640625,47.62869967668828,47.014951833696756,47.44360277254674,6360500.0
2024-02-20,47.26824951171875,47.62870296733285,47.01495508193778,47.25850541719007,1.02364E7
2024-02-21,47.94044494628906,48.00863873979467,47.3364411825467,47.52153809116434,9695300.0
2024-02-22,47.98916244506836,48.320391091228416,47.57025923484713,47.90148416472353,8047900.0
2024-02-23,47.560508728027344,47.80405906101244,47.17082670873792,47.6189621458057,7420700.0
2024-02-26,47.30721664428711,47.75534835206937,47.16108496222274,47.44360423219623,5793800.0
2024-02-27,47.20979690551758,47.7456069090332,46.9175372414439,47.66767273287907,8009200.0
2024-02-28,46.917537689208984,47.48257626592278,46.71295629403328,46.99547558239018,6991600.0
2024-02-29,47.083152770996094,47.61896276729975,46.888311758808435,47.31695901259472,1.25428E7
2024-03-01,48.07683563232422,48.437292811269444,47.55076972226845,47.7358666428174,7879300.0
2024-03-04,48.14502716064453,48.67109676218437,47.74560477050126,48.271674372041105,7684100.0
2024-03-05,48.37883758544922,48.74903512900806,47.94044624653522,47.94044624653522,6684300.0
2024-03-06,48.73929214477539,49.21665243941738,48.32038526874769,49.197167966545955,7861000.0
2024-03-07,49.46994400024414,49.63556016434215,48.63213023385995,48.70032774821791,8501400.0
2024-03-08,49.099754333496094,49.50891715673816,48.88542882630248,49.38226992827979,7026500.0
2024-03-11,50.20059585571289,50.24930889767506,48.8269720603832,48.8269720603832,1.03927E7
2024-03-12,50.239566802978516,50.50260163165652,49.75246609423039,50.50260163165652,6986100.0
2024-03-13,51.213768005371094,51.36964008286447,50.63898902281111,50.91176422935365,8861000.0
2024-03-14,51.85673904418945,52.33409935585554,51.43783215322228,51.43783215322228,9387200.0
2024-03-15,51.50602722167969,52.5289379532736,51.43783342065899,51.43783342065899,1.67185E7
2024-03-18,52.051578521728516,52.295128859668,51.34041198089922,51.82751265677818,5667300.0
2024-03-19,53.07448959350586,53.142683391334664,52.08080376135053,52.148997559179335,7467600.0
2024-03-20,52.99655532836914,53.16216777530897,52.528935406494085,52.72377642122815,6819300.0
2024-03-21,53.0355224609375,53.38623555678399,52.928363429458535,53.074491408538975,6457200.0
2024-03-22,52.59713363647461,53.65901327913276,52.19771122316008,53.27907162290188,9009500.0
2024-03-25,52.90887451171875,53.32778137254116,52.80171177295724,52.889390039554556,7975300.0
2024-03-26,52.67506790161133,53.19139343970647,52.577649250897146,52.9770716648786,5912600.0
2024-03-27,53.48365783691406,53.50313859439904,52.50945644619638,52.65558442503401,6995700.0
2024-03-28,53.39597702026367,54.25327152754494,53.269329804942245,53.99023671862346,8032400.0
2024-04-01,53.7953987121582,54.058433517605046,53.02577876840076,53.727204916259005,4871500.0
2024-04-02,53.26932907104492,53.824623532356625,51.808027074691346,53.532363876342544,1.85401E7
2024-04-03,53.44468688964844,53.92204347212025,52.889392415019366,53.8148844448289,1.32559E7
2024-04-04,52.86990737915039,53.58107391423996,52.57764771923845,53.44468632069993,1.20408E7
2024-04-05,53.61029815673828,53.863592584394134,52.58738750051742,53.09397263954597,1.00088E7
2024-04-08,52.64583969116211,54.21430439507161,52.56790180253609,54.00971929556984,8975900.0
2024-04-09,52.77248764038086,53.20113863144108,52.48022796592923,53.09397588367602,6686500.0
2024-04-10,52.80171585083008,53.11345999696696,51.924933117143006,52.4899717046932,8179200.0
2024-04-11,52.606868743896484,52.967322174360255,51.7787991483298,52.89912838255043,7522300.0
2024-04-12,50.658470153808594,53.22062074253168,50.531822937864774,52.70429150042988,1.30051E7
2024-04-15,50.336978912353516,51.544990148122835,50.12265715544768,51.340408768960586,9480000.0
2024-04-16,50.08369445800781,50.36621375948463,49.38226825193668,50.17137273376671,1.0349E7
2024-04-17,49.49917221069336,50.61950153974561,49.44071879150154,50.2103387542526,7821600.0
2024-04-18,49.625816345214844,50.4344052644245,49.489428748307986,49.86936668720089,8422100.0
2024-04-19,48.563934326171875,49.460201473236296,47.75534916286119,48.37883741319307,1.68396E7
2024-04-22,48.23270797729492,48.7587776066444,47.44360724955399,48.09632038071172,1.088E7
2024-04-23,48.27167892456055,48.5541982242116,47.66767509339344,47.9794192460141,1.11363E7
2024-04-24,47.8430290222168,48.42754834728092,47.365668724263955,47.96967623861788,1.01804E7
2024-04-25,48.16451644897461,48.34961709558978,47.404640537179404,48.00864437177858,7966900.0
2024-04-26,47.93070602416992,48.36909736450808,47.72612463743983,48.057353237219424,8250900.0
2024-04-29,47.94044494628906,48.125545571189726,47.355925654445876,47.78457288737868,8941700.0
2024-04-30,46.25508117675781,48.076836720749256,46.206371850908845,47.667673924077924,1.41437E7
2024-05-01,45.943336486816406,46.54734029600242,45.70952652271808,46.17714645091474,1.12179E7
2024-05-02,46.352500915527344,46.7616636889901,46.04075307195359,46.333016443036286,8933600.0
2024-05-03,46.43043899536133,46.732442769955306,45.914113437901314,46.732442769955306,1.10074E7
2024-05-06,46.72269821166992,47.297477185823986,46.57657023156639,46.83960505529284,9857700.0
2024-05-07,46.927276611328125,47.19031141822644,46.55708277905627,46.703210749811,8587000.0
2024-05-08,46.62527847290039,46.937022616071076,46.35250327669688,46.42069707574775,6453400.0
2024-05-09,47.22928237915039,47.37541407242457,46.712956837806075,46.800635110513916,6367600.0
2024-05-10,47.2487678527832,47.57025609827797,46.88831437570277,47.51180267647435,9206600.0
2024-05-13,47.49231719970703,47.68715821865481,47.29747618075926,47.48257682108714,6555800.0
2024-05-14,47.36567306518555,47.73587065367138,46.77140959101406,47.63845199599364,8404900.0
2024-05-15,47.06367111206055,47.41438049542721,46.17714798407101,47.41438049542721,6939700.0
2024-05-16,47.17082977294922,47.40463974296777,46.73244211812496,46.742182496912505,7625100.0
2024-05-17,47.336448669433594,47.51180522797812,47.044188977287256,47.44361142368676,5534400.0
2024-05-20,46.98573303222656,47.41438030996477,46.644764029057924,47.34618650933105,6877400.0
2024-05-21,47.044185638427734,47.8527708531878,46.95650736537825,46.99547631257432,6926500.0
2024-05-22,45.280879974365234,47.04418582084983,45.05681410154399,46.97599202113395,1.18014E7
2024-05-23,45.125003814697266,45.933592675649564,44.85222864053651,45.41726346076709,8766100.0
2024-05-24,45.04707336425781,45.66081755681514,44.930166523146895,45.388042360122995,6800300.0
2024-05-28,45.32958984375,46.01153156536629,45.12500844215014,45.33933393884528,1.03874E7
2024-05-29,44.46255111694336,45.22242701658035,44.2384852418269,44.813264214093785,1.31389E7
2024-05-30,44.413841247558594,44.988620212800306,44.27745364839672,44.42358162623443,1.43371E7
2024-05-31,44.70610046386719,44.84248806163898,44.28719357569194,44.48203459377306,4.17236E7
2024-06-03,42.93305587768555,44.95939659601433,42.67976514603618,44.95939659601433,1.54821E7
2024-06-04,42.290077209472656,42.72846852658678,41.85168589235853,42.621305791705225,1.57009E7
2024-06-05,42.35380935668945,42.863624168368986,41.9420342726508,42.765580700752224,1.06605E7
2024-06-06,42.8047981262207,42.89303537716705,41.932231833515615,42.226354756678155,1.05222E7
2024-06-07,43.677364349365234,43.844036374209956,42.510675135355676,42.57930369265177,1.50231E7
2024-06-10,44.098941802978516,44.412673418421804,43.0793121827999,43.67736424348112,1.29678E7
2024-06-11,44.0793342590332,44.19698642287451,43.40285114683752,43.70678029346362,8300300.0
2024-06-12,43.834228515625,44.608755050357246,43.795011130074464,44.53032027925618,8142100.0
2024-06-13,42.95186233520508,43.80481995179332,42.57930463026816,43.56951936447107,1.21802E7
2024-06-14,42.1577262878418,42.60871502030356,41.77536611292961,42.60871502030356,1.27403E7
2024-06-17,42.775386810302734,42.991074958567324,42.167528532529786,42.255765783175804,1.10655E7
2024-06-18,43.569515228271484,44.30482435138123,42.95185825764173,43.41264943160709,1.30689E7
2024-06-20,44.56953811645508,44.92248711003505,43.47147748974299,43.56951721463708,1.46129E7
2024-06-21,44.765621185302734,45.09896148500835,44.56953799606842,44.775423661775356,2.6457E7
2024-06-24,46.54997253417969,46.73624951269919,44.97150823522347,45.04013679257149,1.90904E7
2024-06-25,46.58918762207031,46.70683603743589,45.99113558900045,46.059764142961676,1.4305E7
2024-06-26,45.32445526123047,46.53036181055871,45.30484656856143,46.42251587086684,1.35017E7
2024-06-27,46.08917999267578,46.11859490448636,45.48132542158096,45.56956267706054,9948000.0
2024-06-28,46.25585174560547,46.687231803122934,45.92251142025869,46.32448030612016,1.41399E7
2024-07-01,45.6676025390625,46.549971284117106,45.56955907407258,46.549971284117106,8464000.0
2024-07-02,45.77544403076172,46.34408489895818,45.24602428792882,46.09898185024778,7927800.0
2024-07-03,46.383304595947266,46.608798963201686,45.99113820247599,46.09898414767938,6655500.0
2024-07-05,45.23622131347656,46.41271677959588,45.059746806559865,46.255850966778375,7917100.0
2024-07-08,45.33426284790039,45.442105050876364,44.88327038283141,45.10876474537799,5470400.0
2024-07-09,44.31463623046875,45.03033675295936,44.27541884129708,44.99111936378769,6740300.0
2024-07-10,44.393062591552734,44.41267128407259,43.90285649848356,44.216588098849776,8538300.0
2024-07-11,45.285240173339844,45.402892335322925,44.265614282651164,44.49110864982154,6239400.0
2024-07-12,45.5107307434082,45.84407102793016,45.25582522699757,45.84407102793016,6584000.0
2024-07-15,47.020572662353516,47.726470709920726,45.65780017383711,45.87349207503289,1.14418E7
2024-07-16,47.765682220458984,47.991176571239976,46.510752097015015,46.579380649862465,8220200.0
2024-07-17,47.94215774536133,48.295102993347655,47.60881745006115,47.79509442038525,8453300.0
2024-07-18,47.765682220458984,48.37353671995451,47.62842511476409,47.814702081067786,1.07587E7
2024-07-19,48.69707107543945,49.94219499002468,47.40292729996006,48.510794108051364,1.7681E7
2024-07-22,48.471580505371094,49.530427535185424,48.265694829565845,48.37354077593315,1.12128E7
2024-07-23,48.08921432495117,48.95197804827463,47.706854191880396,48.32451488221229,1.0099E7
2024-07-24,47.08919906616211,48.216674647149304,46.92253077922059,48.138239872134996,8552900.0
2024-07-25,47.285282135009766,47.94216028405083,46.755858625032054,46.79507601243246,9608000.0
2024-07-26,47.873531341552734,48.34412876664985,47.21665319778793,47.83431395446734,8231500.0
2024-07-29,46.92253112792969,47.85392351827876,46.72644792891263,47.236262750366606,9104400.0
2024-07-30,46.67742919921875,47.01076952366088,46.22644044849587,46.608800638890315,9880400.0
2024-07-31,47.34410858154297,47.61862281551285,47.00096204910468,47.187242770706476,6599800.0
2024-08-01,45.746036529541016,47.38332697098872,45.34406764702588,47.334303365335444,8952100.0
2024-08-02,44.049922943115234,45.10876623437115,43.687171455738074,45.07935506349558,1.18484E7
2024-08-05,42.91263961791992,43.43225685292203,42.47145340896743,42.628319201042146,1.30108E7
2024-08-06,42.54989242553711,43.30480655407611,42.4812638683972,42.942055074911465,8364000.0
2024-08-07,42.020469665527344,43.54991038311224,41.97144980098504,43.12833655606774,9259000.0
2024-08-08,42.83420944213867,42.89303552296148,42.069489091321586,42.138117648960254,6697400.0
2024-08-09,42.69695281982422,42.95186209969026,42.47145845069714,42.628324261393196,5418000.0
2024-08-12,43.04010009765625,43.26559447069018,42.647933694133584,42.98127401513505,6599200.0
2024-08-13,42.91263961791992,43.108722793007196,42.54008195925165,42.745967610104316,5253400.0
2024-08-14,42.92244338989258,43.206763815356496,42.64792918046568,43.138135262999775,6305300.0
2024-08-15,44.15776824951172,44.23619928403494,43.47147893254802,43.59893357112114,7940000.0
2024-08-16,43.902854919433594,44.15776417304765,43.67736057352919,43.696969265343775,6013000.0
2024-08-19,44.471500396728516,44.88327174782092,44.12835386417557,44.25580850426529,8046500.0
2024-08-20,43.16754913330078,44.4518904963267,43.14794043997491,44.334242076347294,7409000.0
2024-08-21,43.33422088623047,43.804818303187965,43.24598363680245,43.66756119073901,5529900.0
2024-08-22,43.25578308105469,43.569514670366146,43.118525978227865,43.38323770795483,7164300.0
2024-08-23,44.23619842529297,44.41267292451425,43.52049795177369,43.62834389462845,6244500.0
2024-08-26,44.70679473876953,45.25582691611399,44.353849489022096,45.098961114012106,6222100.0
2024-08-27,44.15776824951172,44.64797437020352,43.90285897236548,44.55973711887996,5199400.0
2024-08-28,42.88323211669922,43.29500345360653,42.657734015087144,43.09892026175628,9866400.0
2024-08-29,43.314613342285156,43.54991018701908,42.55969546380998,43.373439423456595,8000800.0
2024-08-30,43.12833786010742,43.1773577261319,42.54008824788559,42.96166582765296,1.01747E7
2024-09-03,41.46163558959961,42.34400438422373,41.17731513512002,42.314593213062395,1.2685E7
2024-09-04,40.775787353515625,41.83169442870237,40.72644664022239,41.4863056711946,1.00486E7
2024-09-05,40.67710494995117,41.24946398642506,40.42052722386061,41.14091216111406,1.06219E7
2024-09-06,40.08500671386719,41.08170645479306,39.838299379008035,40.6573695376789,9864100.0
2024-09-09,39.87777328491211,40.62776192330493,39.81856216959616,40.262636123327844,1.10825E7
2024-09-10,39.068572998046875,39.94685049207776,38.604762012206024,39.94685049207776,1.07827E7
2024-09-11,39.04883575439453,39.24620237059387,38.15082122691989,39.03896911758936,1.55683E7
2024-09-12,39.27580642700195,39.690276701492365,38.85146951561052,39.22646571358658,1.54055E7
2024-09-13,39.43370056152344,39.96658932262775,38.98962659393652,39.581726472204174,1.74817E7
2024-09-16,39.86790466308594,40.61789326414037,39.50277511683176,40.2626341188417,2.45561E7
2024-09-17,40.95341491699219,41.13104448766806,39.90737453017367,39.99618931551161,1.84003E7
2024-09-18,40.87446975708008,41.53564737726923,40.63763282182964,40.973154950480435,1.26636E7
2024-09-19,42.186954498291016,42.700106209420056,41.476436165273086,42.13761378393259,1.71133E7
2024-09-20,41.85143280029297,42.325110439018566,41.44683291526974,42.325110439018566,2.28816E7
2024-09-23,42.33498001098633,42.64089469582857,41.82182830464317,41.98958748478825,1.29211E7
2024-09-24,42.41392517089844,43.4599656410393,42.38432149491269,43.26259901740542,1.20062E7
2024-09-25,41.259334564208984,42.44352671769652,41.11130866279552,42.236293467281705,1.25524E7
2024-09-26,40.62775802612305,40.96328011848508,39.99618791448976,40.538947008350995,2.09333E7
2024-09-27,41.73301315307617,41.76261682826817,41.05209850801905,41.150783699417616,1.48758E7
2024-09-30,41.397491455078125,41.91064316223914,41.01262861582116,41.41722849355992,1.22196E7
2024-10-01,42.571815490722656,43.015889429563266,41.190256726441355,41.200123363102236,1.47165E7
2024-10-02,43.36127853393555,43.598119224738056,42.719841740994106,42.887600916785615,1.46146E7
2024-10-03,44.29876708984375,44.34810780241515,42.96654902814056,43.36127849316684,1.37754E7
2024-10-04,44.86125946044922,45.10796678757151,44.308637456946514,44.93033721088705,1.12947E7
2024-10-07,44.98955154418945,45.55204398912556,44.78231827804569,44.9994181816202,8963600.0
2024-10-08,43.55864334106445,44.57507628373563,43.39088417223539,44.35797640433654,1.34047E7
2024-10-09,43.627723693847656,43.844827350665334,43.05536464103989,43.20338678158864,9980700.0
2024-10-10,44.01258850097656,44.5257402263326,43.66719972643659,43.992855226250256,9707400.0
2024-10-11,44.190216064453125,44.36784564449373,43.696801400885924,43.73627547744053,8892300.0
2024-10-14,44.11127471923828,44.131011758877335,43.637597061267186,43.805356251516045,7048100.0
2024-10-15,42.38432312011719,43.33167843253933,42.32511200142004,42.9961562888329,1.02309E7
2024-10-16,43.104705810546875,43.11457244757245,42.54221338870987,42.818524398888,8692900.0
2024-10-17,43.410621643066406,43.46982899056001,42.719840394819784,42.927073639957285,1.44813E7
2024-10-18,41.36788558959961,43.50930729068717,41.338281912977784,43.41062585897755,2.13559E7
2024-10-21,41.87117004394531,42.37445136116082,41.525781273744,41.525781273744,1.38394E7
2024-10-22,41.37775421142578,42.177087325926514,41.239598707193466,42.16721692450698,1.13779E7
2024-10-23,41.57511901855469,41.772485629335584,41.09157101036424,41.32841169619231,1.11179E7
2024-10-24,40.70670700073242,41.575117804128745,40.65736629059221,41.348147525919856,1.38971E7
2024-10-25,41.19025802612305,41.60472453914864,40.81526182544144,41.002758043554664,1.53457E7
2024-10-28,40.84486389160156,41.07183417757173,39.867904998271506,40.085004883203176,1.05899E7
2024-10-29,39.89751052856445,40.76592140205586,39.69027727057548,40.76592140205586,1.58956E7
2024-10-30,39.62120056152344,40.31197810634822,39.591593120705745,40.015930049358275,1.22521E7
2024-10-31,39.54225158691406,40.05540329848888,39.483040470959395,39.86790707798192,1.42649E7
2024-11-01,39.236331939697266,39.85803546269631,39.16725418874794,39.631065171797786,1.26059E7
2024-11-04,39.78895568847656,40.065266678223445,39.335015129762425,39.38435584015224,1.1103E7
2024-11-05,40.015926361083984,40.21329296903773,39.631063546024386,39.86790422845987,1.08109E7
2024-11-06,43.193519592285156,43.746145364183256,41.20012392318906,41.959982947878295,2.53793E7
2024-11-07,42.670501708984375,43.331675550409884,42.17708704602619,43.17378300884147,1.54267E7
2024-11-08,42.611289978027344,42.93694169335386,41.96984941967546,42.42379376401845,1.35981E7
2024-11-11,43.70667266845703,43.8546948117877,42.63102852998457,42.719843321765055,1.21937E7
2024-11-12,43.74614715576172,44.37771734125052,43.61785828544204,43.815224909521106,1.37258E7
2024-11-13,43.015892028808594,43.913906597413444,42.650766219012404,43.88430292118694,9900400.0
2024-11-14,42.87773513793945,43.420490516504735,42.4533982249172,43.242860935962625,1.00614E7
2024-11-15,42.611289978027344,43.39088603769684,42.29550489945706,42.78891955528002,9632100.0
2024-11-18,42.91720962524414,43.361279816393214,42.61129117483784,43.26259838823901,6955500.0
2024-11-19,42.53234100341797,42.91720758965734,42.098137469896756,42.15734858265397,8178400.0
2024-11-20,42.95668029785156,43.07510252997531,42.35471379348242,42.68036928513991,8329600.0
2024-11-21,43.47970199584961,43.963246263467745,43.06523171629317,43.272464973843796,1.1529E7
2024-11-22,43.6474609375,44.11127192853624,43.459964719474044,43.57838318536122,9015500.0
2024-11-25,43.17378616333008,44.377719233538954,43.045497287540094,44.042197087634285,1.41732E7
2024-11-26,42.9073371887207,43.3119370480916,42.61128915384407,43.29220001050582,1.11923E7
2024-11-27,43.08496856689453,43.71653873826889,42.91720938707235,43.0257574516575,8297200.0
2024-11-29,43.36127853393555,43.499437799502466,43.075100894970326,43.2231230328237,4143300.0
2024-12-02,43.05536651611328,43.35141457455891,42.473137036572915,43.2527331432288,8511400.0
2024-12-03,43.075103759765625,43.647462840217024,42.53234459150742,43.61785916356851,7429600.0
2024-12-04,42.44449234008789,43.1495824083822,42.02739429896824,43.0502715470099,1.02311E7
2024-12-05,41.729469299316406,42.85165740894069,41.66988278248186,42.66296866645896,8466500.0
2024-12-06,40.676795959472656,41.610299093387106,40.55762671687661,41.461334698900615,1.57275E7
2024-12-09,40.88534164428711,41.451404050449845,40.835688110643865,41.21306178531176,1.06569E7
2024-12-10,40.58741760253906,41.31236981797192,40.19018553578891,40.82575987324665,1.00758E7
2024-12-11,41.272647857666016,41.50105714064176,40.68672707496415,40.81582550339279,9958300.0
2024-12-12,40.815826416015625,41.32230231472611,40.726448539085645,41.24285362931198,7309700.0
2024-12-13,39.94191360473633,40.87541292838266,39.792949213751925,40.85555075702995,1.07631E7
2024-12-16,39.60426330566406,40.736380526995596,39.49502326004054,39.82273960858937,1.49007E7
2024-12-17,38.660831451416016,39.326197135446286,38.43242216637629,39.1077208301119,1.87053E7
2024-12-18,37.071895599365234,38.93889421943563,37.02223827754659,38.70055574332194,1.56574E7
2024-12-19,36.65480041503906,37.59823277764098,36.26749752019625,37.47906353037906,1.61592E7
2024-12-20,36.575355529785156,37.121552017335645,36.36680461157833,36.575355529785156,3.64683E7
2024-12-23,37.002376556396484,37.12154958422413,36.396597379054136,36.515766618559965,1.08339E7
2024-12-24,37.4691276550293,37.508851997154835,36.63493541200193,37.02223827692146,4555400.0
2024-12-26,37.4691276550293,37.608159064146896,36.9924469144882,37.47906063472157,8145400.0
2024-12-27,37.53864669799805,38.045122634336416,37.24072168220483,37.37975310368686,9493700.0
2024-12-30,37.54857635498047,37.66774559308513,36.982517738581116,37.379749795037235,1.0995E7
2024-12-31,38.074913024902344,38.31325530442988,37.58829927384788,37.60816144616868,7817100.0
2025-01-02,38.134498596191406,39.157375821253616,37.98553420164052,38.591317183275315,1.1557E7
2025-01-03,38.323184967041016,38.47214936711527,37.76705550019546,38.41256284942116,1.03127E7
2025-01-06,38.492008209228516,39.25668481461637,38.35297678794384,38.631043418835304,8366600.0
2025-01-07,39.0977897644043,39.41557694074019,38.492006775663384,38.91903400417511,9350100.0
2025-01-08,38.541664123535156,38.85945130006529,38.1444282587115,38.45228624336593,1.13197E7
2025-01-10,38.35297393798828,39.41557547978604,38.243733889861474,39.29640624015763,1.52736E7
2025-01-13,39.57447052001953,39.753226280208565,38.51186893907468,38.54166409132083,1.5964E7
2025-01-14,39.59433364868164,39.862467295443345,38.94883008868973,39.306341617705336,1.21197E7
2025-01-15,40.3590087890625,40.62714242615873,39.72343444408859,39.72343444408859,1.18774E7
2025-01-16,40.8058967590332,40.934998977197594,40.05115319781739,40.17032243625741,1.61488E7
2025-01-17,43.278682708740234,44.19231986278995,41.32230239243913,41.85856965502753,3.07313E7
2025-01-21,43.43757629394531,44.351213448045506,43.050269634284405,43.64612341107838,2.29869E7
2025-01-22,41.342166900634766,43.14958292782666,41.173340328430484,43.08006721819021,2.37192E7
2025-01-23,41.73939895629883,41.878430375473,41.30244252627685,41.83870981879613,1.90715E7
2025-01-24,41.95787811279297,42.32531882488491,41.43154381263516,41.90822457683276,1.94311E7
2025-01-27,42.245872497558594,42.48421097744314,41.70960523533561,41.89829018093769,1.53062E7
2025-01-28,41.03430938720703,42.48421390269023,40.656935681696986,42.25580459860633,1.60775E7
2025-01-29,40.65693283081055,41.51098725734657,40.38879920003841,41.03430650985894,1.27347E7
2025-01-30,40.73638153076172,41.09389303858553,40.408661385815954,40.73638153076172,1.01711E7
2025-01-31,40.00149917602539,41.004518064918024,39.574471932369654,40.895278008868125,1.31108E7
2025-02-03,39.882328033447266,40.63707162108226,39.28647803206816,39.85253666987489,1.25076E7
2025-02-04,40.935001373291016,41.21306420870114,39.35599466532838,39.46523471876007,1.2752E7
2025-02-05,40.810001373291016,41.130001068115234,40.20000076293945,40.86000061035156,1.5186E7
2025-02-06,40.04999923706055,41.27000045776367,39.720001220703125,41.09000015258789,1.31127E7
2025-02-07,40.15999984741211,40.66999816894531,39.9900016784668,40.189998626708984,1.17764E7
2025-02-10,41.209999084472656,41.369998931884766,40.599998474121094,40.599998474121094,9388100.0
2025-02-11,41.779998779296875,42.189998626708984,41.04999923706055,41.279998779296875,1.12667E7
2025-02-12,41.45000076293945,41.720001220703125,41.15999984741211,41.529998779296875,1.46491E7
2025-02-13,42.08000183105469,42.2599983215332,41.439998626708984,41.5,1.2099E7
2025-02-14,41.75,42.61000061035156,41.70000076293945,42.2599983215332,1.22251E7
2025-02-18,42.650001525878906,43.060001373291016,41.54999923706055,42.029998779296875,1.43157E7
2025-02-19,42.18000030517578,42.81999969482422,42.04999923706055,42.45000076293945,1.27525E7
2025-02-20,42.599998474121094,42.91999816894531,41.97999954223633,42.11000061035156,9999100.0
2025-02-21,41.7400016784668,42.470001220703125,41.599998474121094,42.29999923706055,1.36716E7
2025-02-24,41.529998779296875,42.0,41.47999954223633,41.939998626708984,1.29902E7
2025-02-25,41.0099983215332,41.95000076293945,40.630001068115234,41.439998626708984,1.44741E7
2025-02-26,40.599998474121094,41.2400016784668,40.2400016784668,41.16999816894531,1.16073E7
2025-02-27,40.90999984741211,41.63999938964844,40.4900016784668,40.86000061035156,1.51359E7
2025-02-28,41.65999984741211,41.709999084472656,40.29999923706055,40.81999969482422,1.77478E7
